<?xml version="1.0" encoding="utf-8" ?>
<Defs>
  <StatDef>
    <defName>VerbCooldownFactor</defName>
    <label>weapon cooldown factor</label>
    <description>How long it takes to recover after shooting.</description>
    <category>PawnCombat</category>
    <displayPriorityInCategory>4048</displayPriorityInCategory>
    <defaultBaseValue>1</defaultBaseValue>
    <minValue>0.01</minValue>
    <toStringStyle>PercentZero</toStringStyle>
    <showOnAnimals>false</showOnAnimals>
  </StatDef>
</Defs>

<!-- Usage -->
<!--
	...
	<statFactors>
		<VerbCooldownFactor>0.5</VerbCooldownFactor>
	</statFactors>
	...
-->